,index,splitted
0,Ralph Wright (story),10
1,Stan Lee,10
2,Bill Walsh (screenplay),9
3,Vance Gerry (story),9
4,Andrew Stanton (screenplay by),9
5,Bill Peet (story),8
6,Stu Krieger (teleplay),7
7,Jack Kirby,7
8,Bill Berg (story),7
9,Nick George (story),7
10,Burny Mattinson (story),7
11,Jack Kirby (based on the Marvel comics by),7
12,Stan Lee (based on the Marvel comics by),7
13,Rob Gibbs (story),7
14,Andrew Stanton (original story by),7
15,Ted Sears (story),7
16,Erdman Penner (story),6
17,Dan Berendsen,6
18,Joe Rinaldi (story),6
19,John Lasseter (original story by),6
20,Larry Clemmons (story),6
21,Harry Reeves (story),6
22,Homer Brightman (story),6
23,Ken Anderson (story),6
24,John Lasseter (story),6
25,Jeff Pidgeon (story),5
26,Scott Morse (story),5
27,David Fowler,5
28,Winston Hibler (story),5
29,Francis Glebas (story),5
30,Dan Berendsen (teleplay),5
31,Bill Motz,5
32,Don Tait (screenplay),5
33,Bob Roth,5
34,Thom Enriquez (story),5
35,Pete Docter (original story by),5
36,Carrie Beck,4
37,Don DaGradi (screenplay),4
38,Mark Twain (novel),4
39,George Lucas (based on characters created by),4
40,Mark McCorkle,4
41,Kevin Harkey (story),4
42,Scott Thomas,4
43,Jed Elinoff,4
44,Dodie Smith (novel),4
45,Tom Rogers (screenplay),4
46,George Lucas (story by),4
47,Joe Grant (story),4
48,Stephen McFeely (screenplay by),4
49,Christopher Markus (screenplay by),4
50,Ed Gombert (story),4
51,James Algar,4
52,Milt Banta (story),4
53,Michael Price,4
54,Ted Sears (screenplay),4
55,Roy Williams (story),4
56,Evan Spiliotopoulos (screenplay),4
57,Peter Young (story),4
58,Ted Berman (story),4
59,William Cottrell (story),4
60,Robert Schooley,4
61,Lowell S. Hawley (screenplay),4
62,George Lucas,4
63,Jennifer Lee (screenplay by),4
64,Roberts Gannaway,4
65,Annie DeYoung (teleplay),4
66,Al Bertino (story),3
67,Stu Krieger,3
68,Marianne Wibberley (screenplay),3
69,Felix Salten (novel),3
70,Regina Y. Hicks,3
71,Karin Gist,3
72,Temple Mathews (screenplay),3
73,Danny Kallis,3
74,Bob Peterson (screenplay by),3
75,Michael Poryes,3
76,A.A. Milne (characters),3
77,Cormac Wibberley (screenplay),3
78,John Sanford (story),3
79,Bob Roth (screenplay),3
80,Bill Motz (screenplay),3
81,Robin Kingsland,3
82,Carter Crocker,3
83,David Michener (story),3
84,Ralph Wright,3
85,Carl Fallberg (story development),3
86,Shirley Pierce (screenplay),3
87,Deborah Gregory (series of books),3
88,John Musker (screenplay by),3
89,Ron Clements (screenplay by),3
90,Sara Parriott,3
91,Ted Elliott (characters),3
92,Daniel Gerson (screenplay by),3
93,Larry Lieber (based on the Marvel comics by),3
94,Dan Povenmire,3
95,Terry Rossio (characters),3
96,Jeff 'Swampy' Marsh,3
97,Stuart Beattie (characters),3
98,Jay Wolpert (characters),3
99,Dan Fogelman (screenplay by),3
100,James Algar (screenplay),3
101,Josann McGibbon,3
102,Joe Ranft (original story by),3
103,Steve Ditko,3
104,Stephen McFeely (screenplay),3
105,Winston Hibler (screenplay),3
106,Christopher Markus (screenplay),3
107,Henry Gilroy,3
108,Kirk Hanson (story),3
109,Jennifer Lee (story by),3
110,Peter Barsocchini,3
111,Jess Winfield,3
112,Mark Gibson (screenplay),2
113,Jeanne Rosenberg,2
114,Ted Elliott,2
115,Ann Austen,2
116,Steve Bencich (screenplay by),2
117,Terry Rossio,2
118,David Reynolds (screenplay by),2
119,Gary Rydstrom,2
120,Philip Halprin (screenplay),2
121,James Krieg (teleplay),2
122,Ron J. Friedman (screenplay by),2
123,Jeanne Rosenberg (screenplay),2
124,Sophie Elwin-Harris,2
125,Ted Elliott (screenplay),2
126,Terry Rossio (screenplay),2
127,Annie DeYoung (story),2
128,Derek Thompson (story),2
129,Jack Kirby (characters),2
130,Milt Schaffer (story),2
131,Larry Lieber (characters),2
132,Bob Peterson,2
133,Don Heck (characters),2
134,Alex Hirsch,2
135,David Loughery (screenplay),2
136,Stan Lee (characters),2
137,Ed Decter,2
138,Joseph L. McEveety,2
139,Bruce Graham,2
140,Terry Rossio (screen story),2
141,Brian Pimental (additional story),2
142,Angus MacLane (story),2
143,Ben Montanio,2
144,Vince Cheung,2
145,John J. Strauss,2
146,Ted Elliott (screen story),2
147,Don Hahn,2
148,Jim Geoghan,2
149,Jim Capobianco (story),2
150,Matt Eddy (teleplay by),2
151,Billy Eddy (teleplay by),2
152,Pamela Eells,2
153,Phil Dike (story development),2
154,Meg Cabot (novel),2
155,Neil Gelinas,2
156,Bob Peterson (story by),2
157,Evan Spiliotopoulos (additional screenplay material),2
158,Steve Englehart (Star-Lord created by),2
159,Ron J. Friedman (additional screenplay material),2
160,Steve Bencich (additional screenplay material),2
161,Steve Gan (Star-Lord created by),2
162,Bill Mantlo (Rocket Raccoon created by),2
163,Keith Giffen (Rocket Raccoon created by),2
164,Matt Eddy (teleplay),2
165,Nick Thiel (screenplay),2
166,Tommy Swerdlow (screenplay),2
167,David Swift (screenplay),2
168,Michael Goldberg (screenplay),2
169,Ralph Zondag (story),2
170,Brad Bird,2
171,Matt Groening,2
172,Rob Edwards (screenplay by),2
173,Roald Dahl (based on the book by),2
174,Jerry Juhl,2
175,Bart Jennett,2
176,James L. Brooks,2
177,Thomas W. Blackburn,2
178,Mairghread Scott,2
179,Lawrence Edward Watkin,2
180,Elijah Aron,2
181,Christopher L. Yost,2
182,Craig Kyle,2
183,Erich Kästner (book),2
184,Eddie Guzelian (screenplay),2
185,Billy Eddy (teleplay),2
186,Stan Lee (Groot created by),2
187,Larry Lieber (Groot created by),2
188,Bobby Podesta (story),2
189,Flip Kobler (screenplay),2
190,Cindy Marcus (screenplay),2
191,Chris Sanders,2
192,Meg LeFauve (screenplay by),2
193,James Gunn,2
194,Gaëtan Brizzi (story),2
195,Dan Abnett (based on the Marvel comics by),2
196,Lawrence Edward Watkin (screenplay),2
197,Andy Lanning (based on the Marvel comics by),2
198,Kiel Murray (screenplay by),2
199,Paul Brizzi (story),2
200,Pete Docter (screenplay by),2
201,Max Enscoe (teleplay),2
202,Brian Larsen,2
203,Valerie LaPointe (story),2
204,John Lasseter (story by),2
205,David Swift (written for the screen by),2
206,Ed Decter (screenplay),2
207,Jack Kirby (Groot created by),2
208,Perce Pearce (story development),2
209,Mark Dindal (story by),2
210,Joe Simon (based on the Marvel comics by),2
211,Bruno Bianchi (characters),2
212,Jean Chalopin (characters),2
213,John J. Strauss (screenplay),2
214,Nick Sung (story),2
215,Leo Benvenuti (characters),2
216,Steve Rudnick (characters),2
217,Andy Heyward (characters),2
218,Dean DeBlois,2
219,Meg LeFauve (story by),2
220,Glenn Williamson (story),2
221,Matthew Luhn (story),2
222,Dan Berendsen (story),2
223,Erdman Penner (story adaptation),2
224,Mark Edward Edens,2
225,Paul Bernbaum (characters),2
226,Jared Bush (screenplay by),2
227,Ron Clements (story by),2
228,John Musker (story by),2
229,Chris Williams (story by),2
230,Don Hall (story by),2
231,Brian Pimental (story),2
232,Mike Rich,2
233,Chris Sanders (story),2
234,Alastair Fothergill,2
235,Kevin Lima (story),2
236,James Fujii (story),2
237,Larry Leker (story),2
238,James Algar (script),2
239,Mirith J. Colao,2
240,Johann David Wyss (novel),2
241,Ted Sears (script),2
242,Andrew Adamson (screenplay),2
243,Gary Trousdale (story),2
244,Jules Verne (novel),2
245,Stephen Sommers (screenplay),2
246,Joe Ranft (story),2
247,Terri Minsky,2
248,Tom Rogers (additional screenplay material),2
249,Ted Key (story),2
250,Dick Huemer (story),2
251,Arthur Alsberg,2
252,Don Nelson,2
253,Linda Woolverton (screenplay),2
254,John Walbridge (story),2
255,Tom Oreb (story),2
256,Del Connell (story),2
257,Sue C. Nichols (story),2
258,Roger Allers (story),2
259,Chris Nee,2
260,Michael Lucker,2
261,Irene Mecchi (animation screenplay by),2
262,Don Tait,2
263,Gordon Buford (story),2
264,Jim Henson (based on),2
265,Nicholas Stoller,2
266,Anna McRoberts,2
267,Marilyn Sadler (book),2
268,Floyd Norman (story),2
269,Roger Bollen (book),2
270,James V. Hart (screenplay),2
271,Robert Vince,2
272,Jerry Juhl (screenplay),2
273,Mark Linfield,2
274,John Hughes (screenplay),2
275,Janet Brownell (teleplay),2
276,Barry Johnson (story),2
277,Winston Hibler (script),2
278,Kelly Wightman (story),2
279,Dan Scanlon (screenplay by),2
280,Richard Gitelson,2
281,Bruce Morris (story),2
282,Mark Kennedy (story),2
283,Rita Hsiao (screenplay by),2
284,Jeff Snow (story),2
285,Rich Moore (story by),2
286,Lorna Cook (story),2
287,Phil Johnston (story by),2
288,Jim Reardon (story by),2
289,Phil Johnston (screenplay by),2
290,Kaan Kalyon (story),2
291,Jim Kouf (screenplay),2
292,Dan Berendsen (story by),2
293,Jenny Tripp (additional story material),2
294,Scott Spencer Gorden (screenplay),2
295,Robert Horn,2
296,Jobim Sampson,2
297,Kyle Menke,2
298,Chris Buck (story by),2
299,Carey W. Hayes,2
300,Chad Hayes,2
301,Wayne Abbott,2
302,Christopher Blow,2
303,Dave Filoni,2
304,Karl Geurs,2
305,Jim Bernstein (story),2
306,Joel Kauffmann,2
307,Donald C. Yost,2
308,George Lucas (screenplay by),2
309,Carter Crocker (additional written material),2
310,J.M. Barrie (play),2
311,Joe Orrantia,2
312,Lawrence Kasdan (screenplay by),2
313,Dava Savel (teleplay),2
314,Robert L. Baird (screenplay by),2
315,Alison Taylor,2
316,Bradley Raymond (story),2
317,Webb Smith (story adaptation),2
318,Irene Mecchi (screenplay by),2
319,Otto Englander (story adaptation),2
320,Ted Sears (story adaptation),2
321,Mark Andrews (screenplay by),2
322,Alan Shapiro,2
323,April Kelly,2
324,Michael Jacobs,2
325,A.A. Milne (books),2
326,Joe Simon,2
327,Brian Hohlfeld (screenplay),2
328,Douglas Sloan,2
329,Bryan Moore,2
330,Chris Peterson,2
331,Jeffrey M. Howard (story),2
332,Danielle Vetere (story),2
333,Richard Cray,2
334,Brenda Chapman (story by),2
335,Dana Olsen (story),2
336,Dan Povenmire (creator),2
337,Susan Sherman,2
338,Carter Crocker (screenplay),2
339,Keith Malone,2
340,Jason Cosler,2
341,Leland Chee,2
342,Jake Blais,2
343,Peggy Holmes (screenplay),2
344,Doreen Spicer,2
345,Julius Svendsen (story),2
346,Tab Murphy (screenplay by),2
347,Eric Cleworth (story),2
348,Frank Thomas (story),2
349,Phil Baker,2
350,Drew Vaupen,2
351,David Detiege (story),2
352,Caroline Thompson (screenplay),2
353,Winston Hibler,2
354,David Michel,2
355,Jeff 'Swampy' Marsh (creator),2
356,Martin Olson (story),2
357,Scott D. Peterson (story),2
358,Jim Lincoln (teleplay),2
359,Vernon Stallings (story development),2
360,Dan Studney (teleplay),2
361,O.V. Falck-Ytter (book),1
362,Robert Nixon,1
363,Roberts Gannaway (screenplay),1
364,Chris Thompson,1
365,Al Jean (screenplay),1
366,"Peter Barsocchini (based on characters created for ""High School Musical"" by)",1
367,Holly Huckins,1
368,Gary Parker,1
369,Darren Foster,1
370,Cristina Costantini,1
371,Denis Morella,1
372,Bob Foss (screenplay),1
373,Jeff Plunkett,1
374,Matt Groening (screenplay),1
375,Robert Strange,1
376,James L. Brooks (screenplay),1
377,Nils Gaup (screenplay),1
378,William Nack (book),1
379,Ryan Rowe (screenplay),1
380,Ian Maxtone-Graham (screenplay),1
381,Larry Brody,1
382,Greg Dinner (screenplay),1
383,George Evelyn,1
384,Karen McCullah,1
385,George Meyer (screenplay),1
386,Amy Engelberg (teleplay),1
387,Amy Engelberg (story),1
388,Wendy Engelberg (story),1
389,Christopher Spencer,1
390,Colin Swash,1
391,Chris Matheson (teleplay),1
392,Francess Lantz (book),1
393,Barbara Johns (story),1
394,Barbara Johns (teleplay),1
395,Jerry Spinelli (based on the novel by),1
396,Jordan Horowitz (screenplay by),1
397,Julia Hart (screenplay by),1
398,Kristin Hahn (screenplay by),1
399,Rian Johnson,1
400,Michael Arndt,1
401,J.J. Abrams,1
402,Lawrence Kasdan,1
403,Leigh Brackett (screenplay by),1
404,Scott Murphy,1
405,Steven Melching,1
406,Jonathan Hales (screenplay by),1
407,Kiri Hart,1
408,Wendy Engelberg (teleplay),1
409,Steve Hayes,1
410,Bruce Jay Friedman (screenplay by),1
411,Walt Morey,1
412,Jess Winfield (story),1
413,Jim Peterson,1
414,Rob Humphrey,1
415,John Behnke,1
416,"Edgar Rice Burroughs (""Tarzan"" stories)",1
417,Chris Sonnenburg,1
418,Shane Prigmore,1
419,Jase Ricci (story editor),1
420,Chris Sonnenburg (developed by),1
421,Shane Prigmore (developed for television by),1
422,Chris Sonnenburg (developed for television by),1
423,Shane Prigmore (developed by),1
424,Jase Ricci,1
425,"Wilhelm Grimm (based upon the fairy tale ""Rapunzel"" by)",1
426,"Jacob Grimm (based upon the fairy tale ""Rapunzel"" by)",1
427,Robert Rodat,1
428,Steve Bloom,1
429,Gene Towne,1
430,Walter Ferris,1
431,C. Graham Baker,1
432,Nathan Greno,1
433,Simon Kinberg,1
434,Babaloo Mandel (screenplay by),1
435,David Mirkin (screenplay),1
436,Brian Suskind,1
437,Ralph Wright (additional story),1
438,Ted Sears (additional story),1
439,Bill Peet (additional story),1
440,Winston Hibler (additional story),1
441,Joe Rinaldi (additional story),1
442,"Charles Perrault (story ""Sleeping Beauty"")",1
443,Richard C. Okie,1
444,Judi Ann Mason,1
445,Jim Cruickshank,1
446,James Orr,1
447,Paul Rudnick (characters),1
448,Paul Rudnick,1
449,Michael Price (consultant writer),1
450,Tim Long (consultant writer),1
451,John Frink (consultant writer),1
452,Joel H. Cohen (consultant writer),1
453,Jon Vitti (screenplay),1
454,John Swartzwelder (screenplay),1
455,Matt Selman (screenplay),1
456,Mike Scully (screenplay),1
457,Mike Reiss (screenplay),1
458,Milt Banta (additional story),1
459,William Hudson,1
460,Lowell Ganz (screenplay by),1
461,Gary Paulsen (book),1
462,Bruce Jay Friedman (screen story by),1
463,Brian Grazer (based on a story by),1
464,Marie Severin,1
465,Dan Spiegle,1
466,Dennis Marks,1
467,Jorge Edelstein,1
468,Steve Marmel,1
469,Tom J. Astle,1
470,Brian Turner,1
471,Garrett Frawley,1
472,Sue Smith,1
473,Frankie O'Rear (book),1
474,Arnold Margolin (screenplay),1
475,Jim Parker (screenplay),1
476,Dorothy Ann Blank (story adaptation),1
477,Merrill De Maris (story adaptation),1
478,Earl Hurd (story adaptation),1
479,Dick Rickard (story adaptation),1
480,Richard Creedon (story adaptation),1
481,Wilhelm Grimm (fairy tales),1
482,Jacob Grimm (fairy tales),1
483,John O'Rear (book),1
484,Gregory K. Pincus (teleplay),1
485,Kelly Marcel,1
486,Douglas Love,1
487,S.S. Field (based on a story by),1
488,Seton I. Miller (based on a story by),1
489,Malcolm Marmorstein (based on a screenplay by),1
490,Toby Halbrooks (screenplay by),1
491,David Lowery (screenplay by),1
492,S.S. Field (story),1
493,Seton I. Miller (story),1
494,Malcolm Marmorstein (screenplay),1
495,Simon Nash,1
496,Kelsey Mann,1
497,Peter Sohn,1
498,Jim Kouf,1
499,Douglas Tuber,1
500,Gene Quintano,1
501,James Morris (story),1
502,Keith Bunin (screenplay by),1
503,Jason Headley (screenplay by),1
504,Jason Headley (original story by),1
505,Keith Bunin (original story by),1
506,Dan Scanlon (original story by),1
507,Mark Andrews,1
508,Andrew Jimenez,1
509,Thomas Meehan,1
510,Barry Healey (story),1
511,Tim Maile,1
512,Jon Colton Barry,1
513,Alan Barillaro,1
514,Kim Roberson (additional material),1
515,Joseph Sabo (story adaptation),1
516,William Cottrell (story adaptation),1
517,Carlo Collodi (from the story by),1
518,Ted Henning (additional screenplay material),1
519,Joshua Pruett,1
520,Antoine Guilbaud,1
521,Eddie Pittman (written and storyboard by),1
522,Bernie Petterson,1
523,Kaz,1
524,Kim Roberson,1
525,Seth Kersley (additional material),1
526,Antoine Guilbaud (additional material),1
527,Michael Diederich (additional material),1
528,Kaz (additional material),1
529,Chong Lee (additional material),1
530,Aliki Theofilopoulos (additional material),1
531,Joe Orrantia (additional material),1
532,Bernie Petterson (additional material),1
533,Sue Perrotto (additional material),1
534,Zac Moncrief (additional material),1
535,Tom Minton (additional material),1
536,Kyle Menke (additional material),1
537,Chris Headrick (additional material),1
538,Wendy Grieb (additional material),1
539,Phillip Borsos (story),1
540,Thomas Meehan (story),1
541,Mary Rodgers (musical),1
542,Gregory Poirier (story),1
543,Bob Tzudiker (based on the film written by),1
544,Harvey Fierstein (book),1
545,Noni White,1
546,Bob Tzudiker,1
547,Charles Segars (characters),1
548,Oren Aviv (characters),1
549,Jim Kouf (characters),1
550,Terry Rossio (story),1
551,Ted Elliott (story),1
552,Cormac Wibberley (story),1
553,Marianne Wibberley (story),1
554,Charles Segars (story),1
555,Jay Thompson (musical),1
556,Oren Aviv (story),1
557,Jim Kouf (story),1
558,Deanna Oliver,1
559,Sherri Stoner,1
560,John L. Greene (television series My Favorite Martian),1
561,Gordon Buford (based on a story by),1
562,Myles Wilder (teleplay),1
563,William Raynor (teleplay),1
564,James Bobin,1
565,Kirk R. Thatcher (screenplay),1
566,Robert Louis Stevenson (novel),1
567,Noni White (based on the film written by),1
568,Marc Lawrence (script),1
569,Bill Fritz,1
570,Jac Schaeffer (screenplay by),1
571,Dean Fuller (musical),1
572,Marshall Barer (musical),1
573,Danny Mann (additional story material),1
574,Steve Hulett (additional story material),1
575,Chris Hubbell (additional story material),1
576,Sam Graham (additional story material),1
577,Gerrit Graham (additional story material),1
578,"Charles Dickens (inspired by ""Oliver Twist"" by)",1
579,Leon Joosen (story),1
580,Michael Cedeno (story),1
581,Kirk Wise (story),1
582,Chris Bailey (story),1
583,Jim Mitchell (story),1
584,Mike Gabriel (story),1
585,James Mangold (animation screenplay),1
586,Tim Disney (animation screenplay),1
587,Jim Cox (animation screenplay),1
588,"Fred Gipson (based on the book ""Old Yeller"" by)",1
589,William Tunberg (screenplay by),1
590,Fred Gipson (screenplay by),1
591,David Weissman,1
592,David Diamond,1
593,Brian Kesinger (head of story),1
594,Aurelius Battaglia (story adaptation),1
595,Tim Powers (novel),1
596,Philip Fracassi,1
597,John Ridley (screenplay),1
598,L. Frank Baum (novels),1
599,Gill Dennis (screenplay),1
600,Walter Murch (screenplay),1
601,Keith Giglio (teleplay),1
602,Juliet Giglio (teleplay),1
603,Alexander Key (characters),1
604,Malcolm Marmorstein,1
605,Gregory Allen Howard,1
606,John Lasseter,1
607,John B. Holway (book),1
608,Aaron McGruder (screenplay),1
609,John Ridley (story),1
610,Jason Feffer (story),1
611,Jonathan Greenberg (screenplay),1
612,Jonathan Greenberg (story),1
613,Joe Ansolabehere (story),1
614,Paul Germain (story),1
615,Joe Ansolabehere (television series Recess),1
616,Paul Germain (television series Recess),1
617,Steve Viksten (segment),1
618,Jonathan Rosenthal (segment),1
619,Peter Gaffney (segment),1
620,Mark Drop (segment),1
621,John Wierick,1
622,Rob Kerchner (story),1
623,Mark Furey (screenplay),1
624,Stuart Beattie (screen story),1
625,George Butler,1
626,Sanjay Patel,1
627,Norman Tokar,1
628,Webb Smith (story research),1
629,William Cottrell (story research),1
630,Ted Sears (story research),1
631,Jon Long,1
632,Karen Fernandez Long,1
633,Delbert Shoopman,1
634,Toni Ann Johnson,1
635,George Butler (narration),1
636,Robert Andrus,1
637,Sam Harper,1
638,Sally Nemeth,1
639,Gary Whitta (story by),1
640,John Knoll (story by),1
641,Tony Gilroy (screenplay by),1
642,Chris Weitz (screenplay by),1
643,David Michener (story sequences),1
644,Julius Svendsen (story sequences),1
645,Eric Cleworth (story sequences),1
646,Frank Thomas (story sequences),1
647,Vance Gerry (story sequences),1
648,Ken Anderson (story sequences),1
649,Ken Anderson (based on: character and story conceptions by),1
650,Julia DeVillers (book),1
651,Beth Rigazio (teleplay),1
652,Patrick J. Clifton (teleplay),1
653,Duncan Marjoribanks (story),1
654,Don Dougherty (additional story development),1
655,Tom Mazzocco (additional story development),1
656,Vincent DeFrances (additional story development),1
657,Nik Ranieri (additional story development),1
658,David Pruiksma (additional story development),1
659,T. Daniel Hofstedt (additional story development),1
660,Broose Johnson (additional story development),1
661,Will Finn (additional story development),1
662,Randy Cartwright (additional story development),1
663,Andrew Chapman (additional story development),1
664,Chris Buck (story),1
665,Todd Kurosawa (story),1
666,Brad Bird (original story by),1
667,Glen Keane (story),1
668,Philip LaZebnik,1
669,Susannah Grant,1
670,Carl Binder,1
671,Bill de la Torre (story),1
672,Eric Gurney (story),1
673,Leo Salkin (story),1
674,Neal Shusterman (teleplay),1
675,Neal Shusterman (story),1
676,Alan Sacks (story),1
677,Jay Wolpert (screen story),1
678,Jorgen Klubien (additional story development),1
679,Mike Gabriel (based on an idea by),1
680,Allen Estrin (screenplay),1
681,Eleanor H. Porter (novel),1
682,Jim Capobianco (original story by),1
683,Jan Pinkava (original story by),1
684,Brad Bird (screenwriter),1
685,Adam Van Wyk (story),1
686,Matthew Weisman (teleplay),1
687,Matthew Weisman (story),1
688,Tim Crothers (based on the ESPN Magazine article and book by),1
689,William Wheeler (screenplay by),1
690,Toby Shelton,1
691,James Robertson (story),1
692,Kristen Lester (story),1
693,Bradley Furnish (story),1
694,Michael Daley (story),1
695,Kristen Lester,1
696,Harland Williams,1
697,Katie Wech,1
698,David Morgasen (story),1
699,Annie DeYoung,1
700,Justin Wright (story),1
701,Ted Mathot (story),1
702,Doug Sweetland,1
703,Karl Geurs (screenplay),1
704,A.A. Milne (stories),1
705,Dave Bullock (story),1
706,Alan Shapiro (story),1
707,Gary Baseman (television series Teacher's Pet),1
708,Jeanne Rosenberg (screen story),1
709,Walter Farley (novel),1
710,Brian Strickland (additional material written by),1
711,Ron Clements (animated film written by),1
712,John Musker (animated film written by),1
713,Todd J. Greenwald (based on the series created by),1
714,Ed Driscoll (punch-up writer),1
715,Steve 'Spaz' Williams (additional story material),1
716,Lloyd Taylor (additional story material),1
717,Matt Lopez (additional story material),1
718,David Collard (additional story material),1
719,Bill Wolkoff (additional story material),1
720,Philip Halprin (story),1
721,Mark Gibson (story),1
722,Michael Hitchcock (teleplay),1
723,Michael Hitchcock (story),1
724,Hallie Einhorn (story),1
725,G.B. Stern (book),1
726,Albert Aley (screenplay),1
727,Jun Falkenstein (screenplay),1
728,Eddie Guzelian (story),1
729,Alexandre Dumas (novel),1
730,James Bodrero (story),1
731,Elmer Plummer (story),1
732,Ernest Terrazas (story),1
733,Jenny Arata (teleplay),1
734,Kelly Senecal (teleplay),1
735,Robert L. Baird (teleplay),1
736,Steven Farley (novel),1
737,Louis Pelletier (screenplay),1
738,T.H. White (based on the book by),1
739,Paul Annixter (book),1
740,Tom Flynn (screenplay),1
741,Richard Brehm,1
742,Evan Spiliotopoulos (story),1
743,Klay Hall (story),1
744,Paul Germain (screenplay),1
745,Joe Ansolabehere (screenplay),1
746,Rob Muir (screenplay),1
747,Bob Hilgenberg (screenplay),1
748,J.M. Barrie (characters),1
749,Jeffrey M. Howard (screenplay),1
750,Stephan Pastis (based on the book by),1
751,Stephan Pastis (screenplay by),1
752,Tom McCarthy (screenplay by),1
753,Michael McDowell (adaptation),1
754,Tim Burton (story and characters),1
755,Anna Sandor,1
756,Don Bluth (screenplay),1
757,Hans Christian Andersen (original classic fairytale),1
758,Charlie Peters (screenplay),1
759,Josann McGibbon (story),1
760,Sara Parriott (story),1
761,"Coline Serreau (screenplay ""Trois Hommes Et Un Couffin"")",1
762,Jim Cruickshank (screenplay),1
763,James Orr (screenplay),1
764,"Coline Serreau (screenplay ""Trois Hommes et un Couffin"")",1
765,Eric Tuchman,1
766,Robert Tate Miller,1
767,Jenny Arata (story),1
768,Shari Simpson,1
769,Joel Cohen (screenplay by),1
770,Keith Mitchell,1
771,Danny Bilson (screenplay),1
772,William Dear (story),1
773,Paul De Meo (story),1
774,Danny Bilson (story),1
775,"Dave Stevens (graphic novel ""The Rocketeer"")",1
776,Margery Sharp (suggested by characters created by),1
777,Joe Ranft (story supervisor),1
778,Joe Ranft (animation screenplay by),1
779,Byron Simpson (animation screenplay by),1
780,Karey Kirkpatrick (animation screenplay by),1
781,Jim Cox (animation screenplay by),1
782,Dick Sebast (story),1
783,Fred Lucky (story),1
784,"Margery Sharp (suggested by ""The Rescuers"" and ""Miss Bianca"" by)",1
785,Dan Santat,1
786,"John P. Miller (story ""Baby Weems"" sequence)",1
787,"Dick Huemer (story ""Baby Weems"" sequence)",1
788,"Joe Grant (story ""Baby Weems"" sequence)",1
789,"T. Hee (story ""Reluctant Dragon"" sequence)",1
790,"Erdman Penner (story ""Reluctant Dragon"" sequence)",1
791,Harry Clork (screenplay),1
792,William Cottrell (screenplay),1
793,Larry Clemmons (screenplay),1
794,Al Perkins (screenplay),1
795,Kenneth Grahame (based on the story by),1
796,Stiles White (screenplay),1
797,John Patrick White (screenplay),1
798,Paul De Meo (screenplay),1
799,Allie Dvorin,1
800,Charlie Shahnaian,1
801,David Mickey Evans (based upon characters created by),1
802,Michael Saltzman,1
803,Jim Geoghan (characters),1
804,Danny Kallis (characters),1
805,Herman Groves,1
806,Mary Sweeney,1
807,John Roach,1
808,Ernest Lehman (screenplay),1
809,Russel Crouse (from the stage musical book by),1
810,Howard Lindsay (from the stage musical book by),1
811,George Hurdalek (with the partial use of ideas by),1
812,Charles Tazewell (book),1
813,Sam Simon,1
814,Johnston McCulley (novel),1
815,John Meredyth Lucas (screenplay),1
816,Bob Wehling (screenplay),1
817,Norman Foster (screenplay),1
818,Lillie Hayward (screenplay),1
819,Tianyi Zhang (story),1
820,Robert Short (story),1
821,Steve Rudnick (story),1
822,Leo Benvenuti (story),1
823,Ken Daurio (screenplay),1
824,Cinco Paul (screenplay),1
825,Don Rhymer (screenplay),1
826,Steve Rudnick,1
827,Leo Benvenuti,1
828,Robert Gunter (based upon characters created by),1
829,Joss Whedon (screenplay by),1
830,Alec Sokolow (screenplay by),1
831,Ralph Farquhar (screenplay),1
832,Brian Kesinger (story by),1
833,Don Dougherty (story by),1
834,Clio Chiang (story by),1
835,Stephen J. Anderson (story by),1
836,Molly Hermann,1
837,Edwin Chang,1
838,Bob Dolman (screenplay by),1
839,Peter S. Seaman (screenplay),1
840,Jeffrey Price (screenplay),1
841,Gary K. Wolf (novel),1
842,David Fallon (screenplay),1
843,Jack London (novel),1
844,Holly Goldberg Sloan (screenplay),1
845,Jordan Moffet (screenplay),1
846,Dereck Joubert (screenplay),1
847,Beverly Joubert (story),1
848,Dereck Joubert (story),1
849,Lydia Look,1
850,B. Mark Seabrooks,1
851,William Otis (screenplay),1
852,Jim Reardon (screenplay by),1
853,Patrick Pacheco (screenplay),1
854,Sebastian Peiter,1
855,George Melrod (screenplay),1
856,George Webster (screenplay),1
857,Jordan Katz (screenplay),1
858,George Webster (story),1
859,Tom McCarthy (story by),1
860,Kendelle Hoyer (story by),1
861,Nicole Mitchell (story by),1
862,Don Tait (screen story),1
863,Jeremy Spears (story by),1
864,Jared Bush (story by),1
865,Byron Howard (story by),1
866,"Roger Bollen (character from the book ""Zenon: Girl of the Twenty First Century"")",1
867,"Marilyn Sadler (character from the book ""Zenon: Girl of the Twenty First Century"")",1
868,Rachelle Skoretz (television story by),1
869,"Leslie Margolis (based on the novel ""Boys Are Dogs"" by)",1
870,Joseph Raso (based on 'Zombies & Cheerleaders' written by),1
871,David Light (based on 'Zombies & Cheerleaders' written by),1
872,Joseph Raso,1
873,David Light,1
874,Alexander Woo (story),1
875,Jim Capobianco,1
876,Jackie French Koller (book),1
877,Cynthia Carle (teleplay),1
878,Christopher Reed (teleplay),1
879,Dave Wollert (teleplay),1
880,Peter I. Baloff (teleplay),1
881,David Covell (teleplay),1
882,David Covell (story),1
883,Todd J. Greenwald (creator),1
884,Todd J. Greenwald,1
885,Tom Rogers,1
886,Mark Zaslove,1
887,Ted Henning,1
888,Brian Hohlfeld,1
889,Ernest Shepard (based upon the works of),1
890,A.A. Milne (based upon the works of),1
891,Pete Docter (story by),1
892,Randi Reisfeld (characters),1
893,Ash Brannon (original story by),1
894,Steven Lisberger (story),1
895,Terry Rossio (animation story by),1
896,Ted Elliott (animation story by),1
897,John Musker (animation story by),1
898,Ron Clements (animation story by),1
899,"Robert Louis Stevenson (based on the novel ""Treasure Island"" by)",1
900,Robert Lewis Taylor (book),1
901,Robert Louis Stevenson (story),1
902,Jennifer L. Liu,1
903,Jean Chalopin (screenplay),1
904,Josh Cooley (story editor),1
905,Angus MacLane,1
906,Christian Roman (story),1
907,Erik Benson (story),1
908,Erik Benson,1
909,Jason Katz,1
910,Stephany Folsom (screenplay by),1
911,Stephany Folsom (original story by),1
912,Martin Hynes (original story by),1
913,Will McCormack (original story by),1
914,Rashida Jones (original story by),1
915,Valerie LaPointe (original story by),1
916,Josh Cooley (original story by),1
917,Michael Arndt (screenplay by),1
918,Lee Unkrich (story by),1
919,Andrew Stanton (story by),1
920,Chris Webb (screenplay by),1
921,Doug Chamberlin (screenplay by),1
922,Steven Lisberger (screenplay),1
923,Bonnie MacBird (story),1
924,H.B. Gilmour (characters),1
925,Adam Horowitz,1
926,Randi Reisfeld (book),1
927,H.B. Gilmour (book),1
928,Melissa Gould (teleplay),1
929,Jenny Tripp (teleplay),1
930,Dan Studney (story),1
931,Jim Lincoln (story),1
932,Jack Epps Jr. (screenplay),1
933,Jim Cash (screenplay),1
934,Daniel Petrie Jr. (screenplay),1
935,Michael Blodgett (screenplay),1
936,Dennis Shryack (screenplay),1
937,Michael Blodgett (story),1
938,Dennis Shryack (story),1
939,Jeffrey Lieber (screenplay),1
940,Natalie Babbitt (novel),1
941,Janet Tashjian (novel),1
942,Bonnie MacBird (characters),1
943,Steven Lisberger (characters),1
944,Lee Sternthal (story),1
945,Brian Klugman (story),1
946,Adam Horowitz (story),1
947,Edward Kitsis (story),1
948,Adam Horowitz (screenplay),1
949,Edward Kitsis (screenplay),1
950,Bonnie MacBird,1
951,Steven Lisberger,1
952,Edward Kitsis,1
953,Calvin Brown Jr. (screenplay),1
954,Bruce W. Smith,1
955,Bill Steinkellner (television series Teacher's Pet),1
956,Marc Warren,1
957,Mark Walton (additional story),1
958,Mark Kennedy (additional story),1
959,Doug Frankel (additional story),1
960,Matthew Jacobs (based on an original story by),1
961,Roger Allers (based on an original story by),1
962,John Norton (additional story material by),1
963,Don Hall (additional story material by),1
964,Stephen J. Anderson (additional story material by),1
965,Mark Perez,1
966,Paris Qualles,1
967,C.S. Lewis (book),1
968,Ann Peacock (screenplay),1
969,C.S. Lewis (novel),1
970,Chris Parker (screenplay),1
971,Carol Dysinger,1
972,Jen Small (teleplay by),1
973,Nisha Ganatra (teleplay by),1
974,Dan Berendsen (teleplay by),1
975,Bethesda Brown,1
976,Ted Key,1
977,Hugh Benson (story),1
978,Richard M. Bluel (story),1
979,Don Tait (story & screenplay),1
980,Thomas M. Disch (novel),1
981,Willard Carroll (screenplay),1
982,Saschka Unseld,1
983,Gerry Day (screenplay by),1
984,Dennis Rinsler,1
985,Scott Silver (screenplay),1
986,Richard H. Landau (story by),1
987,Paul Tamasy (screenplay),1
988,John Musker (story adapted by),1
989,Ron Clements (story adapted by),1
990,Steve Hulett (story adapted by),1
991,Vance Gerry (story adapted by),1
992,Peter Young (story adapted by),1
993,Adrian Molina (additional screenplay material by),1
994,Peter Hedges (additional screenplay material by),1
995,Kelsey Mann (story by),1
996,Erik Benson (story by),1
997,Peter Sohn (story by),1
998,Bob Peterson (original concept & development by),1
999,Sy Gomberg,1
1000,Rick Mittleman (adaptation),1
1001,Sy Gomberg (adaptation),1
1002,Audrey Wells (story),1
1003,Kathryn Price (story),1
1004,Nichole Millard (story),1
1005,Kathryn Price (screenplay),1
1006,Nichole Millard (screenplay),1
1007,Roger S.H. Schulman (screenplay by),1
1008,Rich Burns (screenplay by),1
1009,Earl Kress (story),1
1010,Steve Hulett (story),1
1011,Daniel P. Mannix (based on the book by),1
1012,Michael J. Tougias (book),1
1013,Casey Sherman (book),1
1014,Eric Johnson (screenplay),1
1015,Jeb Rosebrook (screenplay by),1
1016,Bob Barbash (story by),1
1017,Matthew O'Callaghan (story adapted by),1
1018,Samuel W. Taylor (story),1
1019,Gordon Gordon (book),1
1020,Mildred Gordon (screenplay),1
1021,Gordon Gordon (screenplay),1
1022,Larry Karaszewski (screenplay),1
1023,Scott Alexander (screenplay),1
1024,Bill Walsh,1
1025,Mildred Gordon,1
1026,Gordon Gordon,1
1027,Mildred Gordon (novel),1
1028,Gordon Gordon (novel),1
1029,Bob Young (teleplay),1
1030,Kathryn McCullough (story and teleplay),1
1031,David Kendall (teleplay),1
1032,Robert Horn (teleplay by),1
1033,Mark Landry (teleplay by),1
1034,Vince Marcello (teleplay by),1
1035,Mark Landry (story by),1
1036,Vince Marcello (story by),1
1037,Mark Landry (based on characters created by),1
1038,Vince Marcello (based on characters created by),1
1039,Robert Horn (story by),1
1040,Cheri Steinkellner,1
1041,Bill Steinkellner,1
1042,Gary Baseman,1
1043,Cheri Steinkellner (screenplay),1
1044,Bill Steinkellner (screenplay),1
1045,Cheri Steinkellner (television series Teacher's Pet),1
1046,Mildred Gordon (book),1
1047,Albert Sidney Fleischman (novel),1
1048,Jeb Rosebrook (story by),1
1049,"Washington Irving (story ""The Legend of Sleepy Hollow"")",1
1050,Doug Lefler (additional story contributions),1
1051,Ron Clements (additional story contributions),1
1052,John Musker (additional story contributions),1
1053,Burny Mattinson (additional story contributions),1
1054,Mel Shaw (additional story contributions),1
1055,Steve Hulett (additional story contributions),1
1056,Tony Marino (additional story contributions),1
1057,Roy Edward Disney (additional dialogue),1
1058,Rosemary Anne Sisson (additional dialogue),1
1059,Joe Hale (story),1
1060,Art Stevens (story),1
1061,Roy Morita (story),1
1062,Al Wilson (story),1
1063,Richard Rich (story),1
1064,David Jonas (story),1
1065,Lloyd Alexander (novel),1
1066,James Street (story),1
1067,Melissa Mathison (screenplay by),1
1068,Jack Speirs (narration),1
1069,Robert Franklin Leslie (novel),1
1070,John Whedon (screenplay),1
1071,Tom Rowe (based on a story by),1
1072,Tom McGowan (based on a story by),1
1073,Jack M. Bickham (book),1
1074,Jack Moffitt,1
1075,Ted Sears,1
1076,"Kenneth Grahame (story ""The Wind in the Willows"")",1
1077,Bruce Morris (story adapted by),1
1078,Burny Mattinson (story adapted by),1
1079,Shonda Rhimes (screenplay),1
1080,Roswell Rogers,1
1081,Xavier Atencio (story),1
1082,Jon Favreau,1
1083,Terri Minsky (characters),1
1084,Susan Estelle Jansen,1
1085,Rich Burns (additional screenplay material),1
1086,Thania St. John (additional screenplay material),1
1087,Peggy Holmes (additional screenplay material),1
1088,Jenny Wingfield (story),1
1089,Jule Selbo (story),1
1090,Robert Reece (screenplay),1
1091,Eddie Guzelian (additional screenplay material),1
1092,Elise D'Haene (additional screenplay material),1
1093,Elizabeth Anderson (screenplay),1
1094,Chris Hubbell (additional dialogue),1
1095,Sam Graham (additional dialogue),1
1096,Gerrit Graham (additional dialogue),1
1097,Howard Ashman (additional dialogue),1
1098,Hans Christian Andersen (fairy tale),1
1099,Ron Clements,1
1100,John Musker,1
1101,Brenda Chapman (story supervisor),1
1102,Noni White (additional story material),1
1103,Kirk Wise (additional story material),1
1104,Christopher Vogler (additional story material),1
1105,Bob Tzudiker (additional story material),1
1106,Miguel Tejada-Flores (additional story material),1
1107,George Scribner (additional story material),1
1108,"Winston Hibler (story supervisor ""Blustery Day"")",1
1109,Charles Dickens (novel),1
1110,Mark Kausler (story),1
1111,Jack Burns,1
1112,Shonda Rhimes (story),1
1113,Gina Wendkos (story),1
1114,Meg Cabot (characters),1
1115,Gina Wendkos (screenplay),1
1116,William Goldman (based upon his book),1
1117,William Goldman (screenplay by),1
1118,"E.D. Baker (story inspired in part by ""The Frog Princess"" by)",1
1119,Jason Oremland (story by),1
1120,Greg Erb (story by),1
1121,Charles Fleischer (additional story material),1
1122,Chris Hubbell (animation screenplay),1
1123,Sam Graham (animation screenplay),1
1124,Gerrit Graham (animation screenplay),1
1125,Jack Whittingham,1
1126,Mark Twain (from the story by),1
1127,Mel Friedman (novel),1
1128,Ellen Weiss (novel),1
1129,Dick Huemer (teleplay),1
1130,Charles Shyer (screenplay),1
1131,Nancy Meyers (screenplay),1
1132,Jeff Schechter (teleplay),1
1133,Mary C. Ryan (book),1
1134,Ahmet Zappa (story),1
1135,Peter Hedges (screenplay),1
1136,Bill Prady,1
1137,Bob Kushell,1
1138,Jason Segel,1
1139,J.T. Allen (additional story material),1
1140,Rick Maki (story),1
1141,David Michener (story adapted by),1
1142,Evan Spiliotopoulos (additional written material),1
1143,Rudyard Kipling (inspired by the Mowgli stories),1
1144,Sheila Burnford (book),1
1145,Jonathan Schroder,1
1146,Monica Austin,1
1147,Cindy Marcus (screenplay by),1
1148,Flip Kobler (screenplay by),1
1149,Jule Selbo (screenplay by),1
1150,Will Finn (additional screenplay material by),1
1151,Christine Blum (story),1
1152,Geefwee Boedoe (story),1
1153,Denis Rich (story),1
1154,Brenda Chapman (story),1
1155,Jonathan Roberts (animation screenplay by),1
1156,Noni White (animation screenplay by),1
1157,Bob Tzudiker (animation screenplay by),1
1158,Tab Murphy (animation screenplay by),1
1159,"Victor Hugo (from the novel ""Notre Dame de Paris"" by)",1
1160,Tab Murphy (animation story by),1
1161,David Berenbaum,1
1162,Mark Frost (screenplay),1
1163,Mark Frost (book),1
1164,Jack Rose,1
1165,Jay Tarses,1
1166,Tom Patchett,1
1167,"Paul Galdone (based on ""Basil Of Baker Street"")",1
1168,"Eve Titus (based on ""Basil Of Baker Street"")",1
1169,Mel Shaw (story adapted by),1
1170,Karl Geurs (screenplay by),1
1171,David Reynolds (additional written material),1
1172,Tom Sito (story),1
1173,Roger S.H. Schulman (additional written material),1
1174,Jorgen Klubien (story),1
1175,Andy Gaskill (story),1
1176,Linda Woolverton (screenplay by),1
1177,Jonathan Roberts (screenplay by),1
1178,Jonathan Cuba (additional written material),1
1179,Robert Schooley (additional written material),1
1180,Mark McCorkle (additional written material),1
1181,Bob Roth (additional written material),1
1182,Bill Motz (additional written material),1
1183,Gregory Poirier (additional written material),1
1184,Linda Voorhees (additional written material),1
1185,Jenny Wingfield (additional written material),1
1186,Bill Steinkellner (additional screenplay material),1
1187,Irene Mecchi (additional screenplay material),1
1188,Roger Allers (additional screenplay material),1
1189,"Linda Woolverton (based on ""The Lion King"" screenplay by)",1
1190,"Jonathan Roberts (based on ""The Lion King"" screenplay by)",1
1191,"Irene Mecchi (based on ""The Lion King"" screenplay by)",1
1192,Jeff Nathanson (screenplay by),1
1193,Steve Purcell,1
1194,Nicholas Sparks (book),1
1195,Jeff Van Wie (screenplay),1
1196,Nicholas Sparks (screenplay),1
1197,Jim Herzfeld (teleplay),1
1198,Jose Rivera (teleplay),1
1199,Rudyard Kipling (book),1
1200,Tom Rogers (additional written material),1
1201,Roger S.H. Schulman (screenplay),1
1202,Dan Abnett,1
1203,Michael Lucker (screenplay),1
1204,Tod Himmel,1
1205,Daron Nefcy,1
1206,John Mathot,1
1207,Eddie Pittman,1
1208,Patrick O'Connor,1
1209,Edward Rivera,1
1210,Mike Singleton,1
1211,Michael Diederich,1
1212,Mike Bell,1
1213,Corinne Marshall,1
1214,Roger S.H. Schulman,1
1215,Michael Curtis,1
1216,Josh Silverstein,1
1217,Ron McGee (teleplay),1
1218,Amy Talkington (teleplay),1
1219,Travis Braun,1
1220,Krista Tucker,1
1221,Jamie Mitchell,1
1222,Diane Whitley,1
1223,Tim Compton,1
1224,Michael Horowitz (story),1
1225,Kyle Stegina,1
1226,Josh Lehrman,1
1227,Nicholas Filippi,1
1228,Steven H. Wilson (story),1
1229,Eric M. Gardner (story),1
1230,Steven H. Wilson (teleplay),1
1231,David Wasson,1
1232,Jordana Arkin,1
1233,Alison Brown,1
1234,Linda Videtti Figueiredo,1
1235,Melanie Finn,1
1236,Mark Linfield (original concept),1
1237,Alastair Fothergill (original concept),1
1238,Chuan Lu,1
1239,Phil Chapman,1
1240,Brian Leith,1
1241,Pamela Ribon (narration consultant),1
1242,Adam Chapman,1
1243,Keith Scholey (original story),1
1244,Owen Newman (original story),1
1245,John Truby (narration written by),1
1246,Keith Scholey (narration written by),1
1247,Larry Clemmons,1
1248,Peter S. Beagle,1
1249,Audrey Wells,1
1250,Mark Dindal,1
1251,Joe Ansolabehere,1
1252,Paul Germain,1
1253,Douglas Wood,1
1254,Eric Weiner,1
1255,Jymn Magon,1
1256,Ali Scher,1
1257,Jonathan Langager,1
1258,Ford Riley,1
1259,Mark Reisman,1
1260,Eric M. Gardner (teleplay),1
1261,Julie Sherman Wolfe (teleplay),1
1262,Louie Schwartzberg (story),1
1263,Adrian Molina (original story by),1
1264,Boyce Bugliari,1
1265,Lynn Siefert (screenplay),1
1266,Michael Ritchie (story),1
1267,Lynn Siefert (story),1
1268,Gail Parent (screenplay),1
1269,Dyan Sheldon (book),1
1270,Ken Daurio,1
1271,Cinco Paul,1
1272,Carrie Lee Wilson,1
1273,Emi Mochizuki,1
1274,Matthew Aldrich (screenplay by),1
1275,Adrian Molina (screenplay by),1
1276,Matthew Aldrich (original story by),1
1277,Matt Braly,1
1278,Jason Katz (original story by),1
1279,Lee Unkrich (original story by),1
1280,Justin Ware,1
1281,Robert Reece (additional screenplay material),1
1282,Colleen Millea Ventimilia (screenplay),1
1283,Margaret Heidenry (screenplay),1
1284,Dan Berendsen (screenplay),1
1285,Jule Selbo (screenplay),1
1286,Eddie Guzelian (interstitials written by),1
1287,Jill E. Blotevogel (screenplay),1
1288,Charles Perrault (from the original classic by),1
1289,Bob North,1
1290,Jamie McLaughlin,1
1291,Matt Dearborn (teleplay),1
1292,Matt Dearborn (story),1
1293,Eric Friedman,1
1294,David Simkins (Original Story),1
1295,Tiffany Paulsen,1
1296,Tamara Lusher (additional story),1
1297,Rhett Reese (additional story material),1
1298,Jonathan Roberts (additional story material),1
1299,Gregory Gunter (creative development),1
1300,Walon Green (based on an earlier screenplay by),1
1301,Robert Nelson Jacobs (screenplay),1
1302,John Harrison (screenplay),1
1303,Robert Nelson Jacobs (story),1
1304,John Harrison (story),1
1305,Jeff Kinney (book),1
1306,Jeff Judah (screenplay),1
1307,Gabe Sachs (screenplay),1
1308,Jeff Filgo (screenplay),1
1309,Jackie Filgo (screenplay),1
1310,David Tillman,1
1311,Tom Jennings,1
1312,John Hench (story),1
1313,Salvador Dalí (story),1
1314,David Attenborough,1
1315,Gregory Poppen,1
1316,Norman Foster,1
1317,"H.T. Kavanagh (suggested by ""Darby O'Gill"" stories)",1
1318,Alan Silberberg,1
1319,Kate Kondell (narration consultant),1
1320,Hugh Lofting (stories),1
1321,Sinclair Lewis (from an original story by),1
1322,Brenda Chapman (original concept),1
1323,"Samuel W. Taylor (short story ""A Situation of Gravity"")",1
1324,Bobby Rubio,1
1325,Phil Joanou (screenplay),1
1326,Michael Burton (screenplay),1
1327,Mark H. Baker (story),1
1328,William Reiss,1
1329,Noah Jones,1
1330,Tim Kelleher,1
1331,Victoria Strouse (screenplay by),1
1332,Robert Lawson (story),1
1333,Munro Leaf (story),1
1334,"Elena Driskill (concept for ""Death & Re-birth of the Forest"")",1
1335,Irene Mecchi,1
1336,William Martin (story development and research),1
1337,David Reynolds,1
1338,Joe Grant (original concept),1
1339,Eric Goldberg (story),1
1340,Arthur Heinemann (story development),1
1341,Campbell Grant (story development),1
1342,Bill Peet (story development),1
1343,Joseph Sabo (story development),1
1344,Erdman Penner (story development),1
1345,Webb Smith (story development),1
1346,Otto Englander (story development),1
1347,John McLeish (story development and research),1
1348,Robert Sterner (story development and research),1
1349,Ralph Eggleston,1
1350,Theodore Thomas,1
1351,Leonard Ripps,1
1352,Tim Burton (original idea),1
1353,Lance Nolley (story),1
1354,Joel Silverman,1
1355,Allison Schroeder (additional screenplay material by),1
1356,Marc Smith (story by),1
1357,Robert Lopez (story by),1
1358,Kristen Anderson-Lopez (story by),1
1359,"Hans Christian Andersen (story inspired by ""The Snow Queen"" by)",1
1360,Shane Morris (story by),1
1361,"Hans Christian Andersen (story inspired by: ""The Snow Queen"" by)",1
1362,Dava Savel (television story),1
1363,James Krieg (television story),1
1364,Wendy Weiner (teleplay),1
1365,Alexa Young (based on a novel by),1
1366,Brian Yorkey (musical book),1
1367,Mary Rodgers (based on a children's book by),1
1368,Bridget Carpenter (screenplay),1
1369,Bridget Carpenter (musical book),1
1370,Leslie Dixon (screenplay),1
1371,Heather Hach (screenplay),1
1372,Mary Rodgers (novel),1
1373,Mary Rodgers (book),1
1374,Mary Rodgers (screenplay),1
1375,Leonard Ripps (screenplay),1
1376,Tim Burton (based on an original idea by),1
1377,John August (screenplay),1
1378,Leo Thiele (story development and research),1
1379,Graham Heid (story development),1
1380,Nat Mauldin (screenplay),1
1381,Jeremy Evans,1
1382,Lewis Friedman,1
1383,Harold Pearl (novel),1
1384,Helen Aberson (novel),1
1385,Ehren Kruger (screenplay by),1
1386,Ronnie Del Carmen,1
1387,Alan Burnett (animation screenplay),1
1388,Matt Youngberg,1
1389,Francisco Angones,1
1390,Max Salomon (script writer),1
1391,Chis Blow (script writer),1
1392,Mike Slee,1
1393,Crispin Sadler,1
1394,Chris Blow,1
1395,Bianca Majolie (story development),1
1396,Jim Jinkins (creator),1
1397,Joe Aaron (original characters),1
1398,Ken Scarborough,1
1399,John Wierick (teleplay),1
1400,John Wierick (story),1
1401,Douglas Penn (story),1
1402,Harry Reeves,1
1403,Carl Barks,1
1404,Carl Barks (story),1
1405,Larry Levin,1
1406,Hugh Lofting (Doctor Dolittle stories),1
1407,Larry Levin (screenplay),1
1408,Ann Slichter,1
1409,Grant Taylor,1
1410,Geoffrey Luck,1
1411,Robert Zakin,1
1412,Albert Heath (story development),1
1413,Norman Wright (story development),1
1414,Sylvia Moberly-Holland (story development),1
1415,Elmer Plummer (story development),1
1416,Lee Blair (story development),1
1417,Dick Huemer (story direction),1
1418,Joe Grant (story direction),1
1419,Ann Lewis Roberts,1
1420,Simon Lythgoe,1
1421,Jenny Daly,1
1422,Chad Cohen,1
1423,Matt Dearborn,1
1424,Alexander Key (based on the book by),1
1425,Robert Malcolm Young (screenplay by),1
1426,Ed Singer,1
1427,Erich Kästner (novel),1
1428,AJ Carothers,1
1429,Craig Gerber,1
1430,Susumu Saji (film Nankyoku Monogatari),1
1431,Tatsuo Nogami (film Nankyoku Monogatari),1
1432,Koreyoshi Kurahara (film Nankyoku Monogatari),1
1433,Toshirô Ishidô (film Nankyoku Monogatari),1
1434,David DiGilio (screenplay),1
1435,Rick Bitzelberger (story),1
1436,Jack Jason (story),1
1437,Dick Kinney,1
1438,Ron Anderson (screenplay by),1
1439,Mark Kennedy (story by),1
1440,Thomas Hart (screenplay),1
1441,David Reynolds (additional screenplay material),1
1442,Tab Murphy (story by),1
1443,Jackie Zabel (story by),1
1444,Bryce Zabel (story by),1
1445,Joss Whedon (story by),1
1446,Gary Trousdale (story by),1
1447,Kirk Wise (story by),1
1448,Marty Isenberg (screenplay),1
1449,Steve Englehart (screenplay),1
1450,Tad Stones (screenplay),1
1451,Kevin Hopps (screenplay),1
1452,Henry Gilroy (screenplay),1
1453,Simcha Jacobovici,1
1454,Lewis Carroll (books),1
1455,Georgeos Díaz-Montexano (story advisor),1
1456,David Andrew Goldstein (screenplay),1
1457,David Benullo (screenplay),1
1458,David N. Titcher (screenplay),1
1459,Tom Jennings (Writer),1
1460,Martin Charnin (lyrics),1
1461,Thomas Meehan (book),1
1462,Irene Mecchi (teleplay),1
1463,Hillary Carlip (additional screenplay material),1
1464,Noreen Stone,1
1465,Robert A. Stemmle (original story),1
1466,Vernon Harris,1
1467,Ted Mathot,1
1468,Kevin Kopelow,1
1469,Heath Seifert,1
1470,James Cameron,1
1471,Joe Ranft (story by),1
1472,Bruce Woodside (story by),1
1473,Brian Pimental (story by),1
1474,Kevin Harkey (story by),1
1475,Burny Mattinson (story by),1
1476,Chris Sanders (story by),1
1477,Linda Woolverton (animation screenplay by),1
1478,Domee Shi,1
1479,Ben Gluck (head of story),1
1480,Roger S.H. Schulman (additional screenplay material),1
1481,Nick Thiel (additional screenplay material),1
1482,Felix Salten (book),1
1483,Alicia Kirk (screenplay),1
1484,Jeanne Rosenberg (story),1
1485,Ralph Wright (story development),1
1486,Chuck Couch (story development),1
1487,Mel Shaw (story development),1
1488,Larry Morey (story adaptation),1
1489,Perce Pearce (story direction),1
1490,Felix Salten (from the story by),1
1491,Anna Alice Chapin (libretto),1
1492,Joe Rinaldi (screenplay),1
1493,Ward Kimball (screenplay),1
1494,Glen MacDonough (operetta),1
1495,Victor Herbert (operetta),1
1496,Gregory K. Pincus,1
1497,Dick Kelsey (story),1
1498,Griff Du Rhone (screenplay),1
1499,Aaron Mendelsohn (teleplay),1
1500,John Doolittle (additional written material),1
1501,Curtis Armstrong (additional written material),1
1502,Brian Pimental (story supervisor),1
1503,Brian Pimental (screenplay),1
1504,Chris Matheson (screenplay),1
1505,Jymn Magon (screenplay),1
1506,Jymn Magon (story),1
1507,Bob Shaw (screenplay by),1
1508,Don McEnery (screenplay by),1
1509,Earl Felton (screenplay),1
1510,Blake Harris (story),1
1511,Aaron Mendelsohn (story),1
1512,Noni White (screenplay),1
1513,Lewis Carroll (adaptation),1
1514,Bob Tzudiker (screenplay),1
1515,Brian Regan (screenplay),1
1516,Kristen Buckley (screenplay),1
1517,Brian Regan (story),1
1518,Kristen Buckley (story),1
1519,Temple Mathews (additional script material),1
1520,Brian Smith (screenplay),1
1521,Jim Kammerud (screenplay),1
1522,Brian Smith (story),1
1523,Garrett K. Schiff (story),1
1524,Dan Root (story),1
1525,Jim Kammerud (story),1
1526,Michael Part,1
1527,Robert L. Levy,1
1528,Madeleine L'Engle (novel),1
1529,Marita Giovanni (teleplay),1
1530,Brian Swenlin,1
1531,Jan Strnad,1
1532,Dev Ross,1
1533,Steve Roberts,1
1534,Kevin Campbell,1
1535,Tad Stones (story),1
1536,Robert Schooley (story),1
1537,Mark McCorkle (story),1
1538,Doug Langdale (story),1
1539,Duane Capizzi (story),1
1540,Robert Schooley (screenplay),1
1541,Mark McCorkle (screenplay by),1
1542,Patrick A. Ventura (story),1
1543,David S. Smith (story),1
1544,Rebecca Rees (story),1
1545,Darrell Rooney (story),1
1546,Daan Jippes (story),1
1547,Terry Rossio (screenplay by),1
1548,Ted Elliott (screenplay by),1
1549,Guy Ritchie (screenplay by),1
1550,John August (screenplay by),1
1551,Madeleine L'Engle (based upon the novel by),1
1552,Jeff Stockwell (screenplay by),1
1553,Jack Speirs,1
1554,Bruce Graham (teleplay),1
1555,Tom Ellery (story by),1
1556,Kelly Asbury (story by),1
1557,Robert Lence (story by),1
1558,Andrew Kurtzman,1
1559,Jorgen Klubien (original story by),1
1560,Michael Innes (book),1
1561,Rosemary Anne Sisson (screenplay),1
1562,Kathy Mackel (based on the book by),1
1563,Kathy Mackel (teleplay),1
1564,Paul Brown (characters),1
1565,Julie Brown (characters),1
1566,Regina Y. Hicks (characters),1
1567,Karin Gist (characters),1
1568,Paul Brown,1
1569,Julie Brown,1
1570,Eliot Wald,1
1571,Michael Walsh,1
1572,Alice Brown,1
1573,Gail Parent,1
1574,Raymond Wong (characters),1
1575,Jacob Speirs (characters),1
1576,Brandon Onstott (characters),1
1577,Stephen King (characters),1
1578,Andrew Stanton (story),1
1579,Marjorie Schwartz Nielsen,1
1580,Ben Gluck (additional screenplay),1
1581,Rich Burns (screenplay),1
1582,Sam Levine (additional story material),1
1583,Jeff Hand (additional story material),1
1584,Chris Williams (additional story),1
1585,John Lasseter (screenplay by),1
1586,Joe Ranft (screenplay by),1
1587,Phil Lorin (screenplay by),1
1588,Jorgen Klubien (screenplay by),1
1589,John Cotter (screenplay),1
1590,Erik Tarloff (screenplay),1
1591,John Cotter (screen story),1
1592,Alan Caillou (book),1
1593,Alec Sokolow (screenplay),1
1594,Joel Cohen (screenplay),1
1595,Sam Harper (screenplay),1
1596,Craig Titley (screen story),1
1597,Ernestine Gilbreth Carey (novel),1
1598,Frank B. Gilbreth Jr. (novel),1
1599,Don Roos,1
1600,George Arthur Bloom,1
1601,Rob Gibbs (story by),1
1602,Kevin O'Brien,1
1603,Peter O'Brien (story),1
1604,Nick Sung (story by),1
1605,Daniel Chong (story),1
1606,Mike Rich (screenplay by),1
1607,Jonathon E. Stewart (original story by),1
1608,Eyal Podell (original story by),1
1609,Ben Queen (original story by),1
1610,Brian Fee (original story by),1
1611,Ben Queen (screenplay by),1
1612,Dan Fogelman (original story by),1
1613,Bradford Lewis (original story by),1
1614,Aurian Redson (additional story),1
1615,Samuel Levine (additional story),1
1616,Don Hall (additional story),1
1617,Blake Snyder,1
1618,Eleanor Grant,1
1619,Aaron Springer,1
1620,Duncan Rouleau (characters),1
1621,Steven T. Seagle (characters),1
1622,Man of Action (Big Hero 6 team and characters created by),1
1623,Jordan Roberts (screenplay by),1
1624,Chris Houghton,1
1625,Shane Houghton,1
1626,Marc Reid Rubel,1
1627,Dori Pierson,1
1628,Joe Camp,1
1629,Mark Monroe,1
1630,Matt Lopez (story),1
1631,Tim Herlihy (screenplay),1
1632,Matt Lopez (screenplay),1
1633,Mary Norton (book),1
1634,Ted Berman (animation story),1
1635,Ralph Wright (animation story),1
1636,Joan Singleton (screenplay),1
1637,Kate DiCamillo (novel),1
1638,Cindy Marcus,1
1639,Flip Kobler,1
1640,Sheree Guitar,1
1641,Chip Hand (story),1
1642,Nancy Greystone,1
1643,Ben Stahl (book),1
1644,Colby Carr,1
1645,Don Dougherty (additional story),1
1646,Joe Brumm,1
1647,Jim Story (additional story),1
1648,Ray Shenusay (additional story),1
1649,Tom LaBaff (additional story),1
1650,Tim Hodge (additional story),1
1651,John Puglisi (story),1
1652,John Norton (story),1
1653,Broose Johnson (story),1
1654,Woody Woodman (story),1
1655,Kevin Deters (story),1
1656,Stevie Wermers (story),1
1657,Stephen J. Anderson (story supervisor),1
1658,David Hoselton (screenplay by),1
1659,Lorne Cameron (screenplay by),1
1660,Jeff Schechter,1
1661,Willard Carroll (screenplay by),1
1662,Willard Carroll (story by),1
1663,Joe Ranft (additional characters),1
1664,Jerry Rees (additional characters),1
1665,Thomas M. Disch (based on characters created by),1
1666,Brenda Chapman (screenplay by),1
1667,Steve Purcell (screenplay by),1
1668,Bill Margol,1
1669,Jerry Kolber,1
1670,Bud Luckey,1
1671,Chris Williams (screenplay by),1
1672,Eldon Dedini (story),1
1673,Mick Garris,1
1674,Jeff Snow (additional story material),1
1675,Jim Starlin (Gamora and Drax created by),1
1676,Drew Pearce (screenplay by),1
1677,Jack Kirby (Marvel comic book),1
1678,Larry Lieber (Marvel comic book),1
1679,Don Heck (Marvel comic book),1
1680,Stan Lee (Marvel comic book),1
1681,Justin Theroux (screenplay),1
1682,Matt Holloway (screenplay),1
1683,Art Marcum (screenplay),1
1684,Hawk Ostby (screenplay),1
1685,Mark Fergus (screenplay),1
1686,Val Mayerik (Howard the Duck created by),1
1687,Steve Gerber (Howard the Duck created by),1
1688,Val Mayerik (character created by: Howard the Duck),1
1689,Ryan Fleck (story by),1
1690,Steve Gerber (character created by: Howard the Duck),1
1691,Steve Gan (character created by: Star-Lord),1
1692,Steve Englehart (character created by: Star-Lord),1
1693,Gamora & Thanos),1
1694,Jim Starlin (characters created by: Drax the Destroyer,1
1695,Keith Giffen (character created by: Rocket Raccoon),1
1696,Bill Mantlo (character created by: Rocket Raccoon),1
1697,Nicole Perlman,1
1698,Steve Ditko (based on the Marvel comics by),1
1699,C. Robert Cargill,1
1700,Scott Derrickson,1
1701,Jon Spaihts,1
1702,Shane Black (screenplay by),1
1703,Stan Lee (based on the Marvel comic book by),1
1704,Don Heck (based on the Marvel comic book by),1
1705,Larry Lieber (based on the Marvel comic book by),1
1706,Carmine Di Giandomenico,1
1707,Sara Pichelli,1
1708,Jim Starlin,1
1709,Bill Mantlo,1
1710,David Michelinie,1
1711,Todd McFarlane,1
1712,Walter Simonson (character created by: Malekith),1
1713,Robert Rodat (story by),1
1714,Don Payne (story by),1
1715,Christopher L. Yost (screenplay by),1
1716,Eric Pearson,1
1717,Jack Kirby (comic book),1
1718,Larry Lieber (comic book),1
1719,Stan Lee (comic book),1
1720,Mark Protosevich (story),1
1721,J. Michael Straczynski (story),1
1722,Don Payne (screenplay),1
1723,Zack Stentz (screenplay),1
1724,Ashley Miller (screenplay),1
1725,Joss Whedon (story),1
1726,Zak Penn (story),1
1727,Joss Whedon (screenplay),1
1728,"Adi Granov (based on the ""Extremis"" mini-series illustrated by)",1
1729,"Warren Ellis (based on the ""Extremis"" mini-series written by)",1
1730,Jack Kirby (based on the Marvel comic book by),1
1731,Geneva Robertson-Dworet (story by),1
1732,Anna Boden (story by),1
1733,Tom Lyle,1
1734,Max Pross,1
1735,Mae Catt,1
1736,Margaret Loesch,1
1737,Eric Lewald,1
1738,Sidney Iwanter,1
1739,Laura Shields,1
1740,Berkeley Breathed (book),1
1741,Wendy Wells (screenplay),1
1742,Simon Wells (screenplay),1
1743,James Manfull,1
1744,David Silverman,1
1745,Matt Selman,1
1746,Al Jean,1
1747,Tom Gammill,1
1748,Nicole Perlman (story by),1
1749,Mark Edward Edens (teleplay),1
1750,Andrew Price (teleplay),1
1751,Andrew Price (story),1
1752,Dave Mullins,1
1753,Erica Milsom,1
1754,Matthias De Clercq (story by),1
1755,Adam Burke (story by),1
1756,Alexa Junge (screenplay by),1
1757,Eddie Guzelian (screenplay by),1
1758,Michael LaBash (screenplay by),1
1759,Tony Leondis (screenplay by),1
1760,Chris Sanders (based on an idea by),1
1761,Margaret Dunlap,1
1762,Brian Michael Bendis (based on the Marvel comics by),1
1763,Stefano Caselli (based on the Marvel comics by),1
1764,Mike Deodato Jr. (based on the Marvel comics by),1
1765,Geneva Robertson-Dworet (screenplay by),1
1766,Ryan Fleck (screenplay by),1
1767,Anna Boden (screenplay by),1
1768,Jack Kirby (comic books),1
1769,Joe Simon (comic books),1
1770,Jack Kirby (based on the Marvel Comics by),1
1771,Joe Robert Cole,1
1772,Ryan Coogler,1
1773,Don Heck (Mantis created by),1
1774,Steve Englehart (Mantis created by),1
1775,Gamora & Drax created by),1
1776,Jim Starlin (Thanos,1
1777,Jack Kirby (Captain America created by),1
1778,Joe Simon (Captain America created by),1
1779,Jim Starlin (character created by: Thanos),1
1780,Jack Kirby (character created by: Captain America),1
1781,Joe Simon (character created by: Captain America),1
1782,Joss Whedon,1
1783,Joe Cornish (story by),1
1784,Edgar Wright (story by),1
1785,Paul Rudd (screenplay by),1
1786,Adam McKay (screenplay by),1
1787,Joe Cornish (screenplay by),1
1788,Edgar Wright (screenplay by),1
1789,Danielle Wolff,1
1790,David Hine,1
1791,Howard Mackie,1
1792,Hoyt Yeatman (story),1
1793,John Killoran (teleplay),1
1794,Lindsay Naythons (story),1
1795,Jordan Kandell (story by),1
1796,Aaron Kandell (story by),1
1797,Pamela Ribon (story by),1
1798,Valentine Davies (story),1
1799,George Seaton (written for the screen by),1
1800,Simon George,1
1801,Monte Merrick,1
1802,Chris Bryant,1
1803,Eric Guggenheim,1
1804,David Weissman (story),1
1805,David Diamond (story),1
1806,Frank Cottrell Boyce,1
1807,Jim Peronto (screenplay),1
1808,Sascha Paladino,1
1809,Roger Gould (story),1
1810,Pete Docter (original story),1
1811,Lawrence Konner (screenplay),1
1812,Mark Rosenthal (screenplay),1
1813,Ruth Rose (earlier screenplay),1
1814,Merian C. Cooper (story),1
1815,Matthew O'Callaghan (story),1
1816,Colin Goldman (story),1
1817,Jim Bernstein (screenplay),1
1818,Michael Shipley (screenplay),1
1819,Carole Holliday (story),1
1820,Robert Keats (teleplay),1
1821,Dan Scanlon (story by),1
1822,Daniel Gerson (story by),1
1823,Robert L. Baird (story by),1
1824,Frank Nissen (additional story material),1
1825,Daan Jippes (additional story material),1
1826,Larry Scholl (additional story material),1
1827,Theodore Newton (additional story material),1
1828,Joe Ekers (additional story material),1
1829,Denis Rich (additional story material),1
1830,Jorgen Klubien (additional story material),1
1831,Don Dougherty (additional story material),1
1832,David Reynolds (additional story material),1
1833,Alan Ormsby (additional story material),1
1834,Jodi Ann Johnson (additional story material),1
1835,Linda Woolverton (additional story material),1
1836,Julius Aguimatang (story),1
1837,Tim Hodge (story),1
1838,Chris Williams (story),1
1839,Dean DeBlois (story co-head),1
1840,Eugenia Bostwick-Singer (screenplay by),1
1841,Raymond Singer (screenplay by),1
1842,Philip LaZebnik (screenplay by),1
1843,Chris Sanders (screenplay by),1
1844,Robert D. San Souci (based on a story by),1
1845,Michael Janover,1
1846,Ralph Eggleston (original story by),1
1847,Jeff Pidgeon (original story by),1
1848,Jill Culton (original story by),1
1849,Carole Holliday (screenplay),1
1850,Theresa Cullen (story),1
1851,Will Murray,1
1852,Dan Scanlon (original story),1
1853,Jesse Marsh (story),1
1854,Art Scott (story),1
1855,Diego Garzon (story editor),1
1856,"William Joyce (based upon the book ""A Day with Wilbur Robinson"" by)",1
1857,Stephen J. Anderson (screenplay by),1
1858,Joseph Mateo (screenplay by),1
1859,Aurian Redson (screenplay by),1
1860,Nathan Greno (screenplay by),1
1861,Don Hall (screenplay by),1
1862,Michelle Bochner Spitz (screenplay by),1
1863,Jon Bernstein (screenplay by),1
1864,Jim Herzfeld,1
1865,John Lasseter (original story),1
1866,James Patrick Stoteraux (story),1
1867,Joe Ranft (original story),1
1868,"P.L. Travers (based on: The ""Mary Poppins"" books by)",1
1869,Josh Schwartz,1
1870,Stephanie Savage,1
1871,Brandon Auman,1
1872,Scott Buck,1
1873,Marty Isenberg,1
1874,Andy Lanning,1
1875,Kirsten Smith,1
1876,Stephen McFeely,1
1877,Christopher Markus,1
1878,Fabrice Sapolsky,1
1879,Bob Moore (story),1
1880,"Hardie Gramatky (story ""Little Toot"")",1
1881,Hal Adelquist,1
1882,Walt Disney,1
1883,Chad Fiveash (story),1
1884,Matthew O'Callaghan (screenplay),1
1885,James Patrick Stoteraux (screenplay),1
1886,Chad Fiveash (screenplay),1
1887,Peggy Holmes (story),1
1888,Ross Hastings,1
1889,Alex Mann,1
1890,Eddie Guzelian (interstitial narration),1
1891,Thomas Hart (interstitial narration),1
1892,"O. Henry (story based on: ""The Gift of the Magi"")",1
1893,Richard Cray (screenplay),1
1894,Tom Nance (screenplay),1
1895,"William Dean Howells (story inspired by: ""Christmas Every Day"")",1
1896,Charlie Cohen (screenplay),1
1897,Alan Dinehart (story adaptation),1
1898,Alan Young (story adaptation),1
1899,Don Griffith (story adaptation),1
1900,Ed Gombert (story adaptation),1
1901,Tony Marino (story adaptation),1
1902,Burny Mattinson (story adaptation),1
1903,"Charles Dickens (based on the book: ""A Christmas Carol"" by)",1
1904,Warren Foster (story),1
1905,David Mickey Evans (screenplay),1
1906,Jean-Louis Vandestoc,1
1907,Vincent Chalvon-Demersay,1
1908,Maxwell Brace IV (story),1
1909,Stephanie Moore (characters),1
1910,Stacey Harman,1
1911,John Ramirez (story),1
1912,John Hughes,1
1913,Louis Sachar (screenplay),1
1914,Louis Sachar (novel),1
1915,Neil Cuthbert (screenplay),1
1916,Mick Garris (screenplay),1
1917,Mick Garris (story),1
1918,David Kirschner (story),1
1919,Tim Federle,1
1920,Peter Barsocchini (characters),1
1921,Peter Barsocchini (based on characters created by),1
1922,Don Dougherty (story),1
1923,Tamara Lusher (story),1
1924,Randy Cartwright (story),1
1925,Gordon Buford (characters creator),1
1926,Bob Shaw (animation screenplay by),1
1927,Don McEnery (animation screenplay by),1
1928,John Musker (animation screenplay by),1
1929,Ron Clements (animation screenplay by),1
1930,Gordon Buford (characters),1
1931,Mark Perez (story),1
1932,Robert Ben Garant (story),1
1933,Thomas Lennon (story),1
1934,Miles Millar (screenplay),1
1935,Alfred Gough (screenplay),1
1936,Robert Ben Garant (screenplay),1
1937,Thomas Lennon (screenplay),1
1938,Will Finn,1
1939,John Sanford,1
1940,Will Finn (story),1
1941,Michael LaBash (story),1
1942,Ed Naha (screenplay),1
1943,Ed Naha (story),1
1944,Brian Yuzna (story),1
1945,Stuart Gordon (story),1
1946,Garry Goodrow (screenplay),1
1947,Peter Elbling (screenplay),1
1948,Thom Eberhardt (screenplay),1
1949,Garry Goodrow (story),1
1950,Ed Naha (characters),1
1951,Brian Yuzna (characters),1
1952,Stuart Gordon (characters),1
1953,Sheila Burnford (novel),1
1954,"Sheila Burnford (characters from novel ""The Incredible Journey"")",1
1955,Julie Hickson,1
1956,Chris Hauty,1
1957,Davy Liu (additional story),1
1958,Ralph Zondag (additional story),1
1959,David Moses Pimentel (additional story),1
1960,Shirley Pierce,1
1961,Donnie Long (additional story),1
1962,Jason Lethcoe (additional story),1
1963,Mike Kunkel (additional story),1
1964,Keith Baxter (additional story),1
1965,Robert Lence (story),1
1966,Sam Levine (story),1
1967,Gordon Buford (characters created by),1
1968,Niamh Sharkey,1
1969,Cameron Fay,1
1970,Jan Pinkava,1
1971,Drew Vaupen (creator),1
1972,Phil Baker (creator),1
1973,Steve Bloom (teleplay),1
1974,Laurie Nolan (teleplay),1
1975,Chris Nolan (teleplay),1
1976,Laurie Nolan (story),1
1977,Chris Nolan (story),1
1978,Beth Rigazio,1
1979,Patrick J. Clifton,1
1980,Bettina Gilois,1
1981,Christopher Cleveland,1
1982,Alana Sanko,1
1983,Jay Ward (based upon characters created by),1
1984,Steven Brill,1
1985,Bill Scott (television series),1
1986,Jordan Moffet,1
1987,Audrey Wells (screenplay),1
1988,Dana Olsen (screenplay),1
1989,Jay Ward (characters),1
1990,John Rieck (teleplay),1
1991,John Rieck (story),1
1992,Hilary Galanoy (teleplay),1
1993,Elizabeth Hackett (teleplay),1
1994,Robin Palmer (based on the novel by),1
1995,Greg Weisman,1
1996,David P.I. James (story),1
1997,Geoff Rodkey,1
1998,Meghan Cole (story),1
1999,Nancy De Los Santos (story),1
2000,Nancy De Los Santos (teleplay),1
2001,Judd Apatow,1
2002,Paul W. Cooper,1
2003,Barry O'Brien (characters),1
2004,Rich Correll (characters),1
2005,Michael Poryes (characters),1
2006,Barry O'Brien (character based on the series created by),1
2007,Rich Correll (character based on the series created by),1
2008,Michael Poryes (character based on the series created by),1
2009,Barry O'Brien,1
2010,Rich Correll,1
2011,Marilyn Sadler,1
2012,Roger Bollen,1
2013,Paul Bernbaum (based on characters created by),1
2014,Ali Marie Matheson,1
2015,Jon Cooksey,1
2016,Ali Marie Matheson (teleplay),1
2017,Jon Cooksey (teleplay),1
2018,Paul Bernbaum (teleplay),1
2019,Paul Bernbaum (story),1
2020,Dick Spencer III (teleplay by),1
2021,Larry Lansburgh Jr. (story by),1
2022,Eleanor Atkinson (story),1
2023,Robert Westerby (screenplay),1
2024,Tom Musca (teleplay),1
2025,Ramón Menéndez (teleplay),1
2026,Tom Schulman (screenplay),1
2027,Stuart Gordon (based on characters created by),1
2028,Brian Yuzna (based on characters created by),1
2029,Thierry Lhermitte (earlier screenplay Un indien dans la ville),1
2030,Josh A. Cagan (script),1
2031,Jim O'Doherty,1
2032,Roger Soffer (screenplay),1
2033,Christian Ford (screenplay),1
2034,Paul Michael Glaser (story),1
2035,Rod Peterson,1
2036,Marguerite Henry (novel),1
2037,Calvin Clements Jr.,1
2038,Raynold Gideon (screenplay),1
2039,Bruce A. Evans (screenplay),1
2040,Philippe Bruneau (earlier screenplay Un indien dans la ville),1
2041,Jean-Marie Pallardy (earlier screenplay Un indien dans la ville),1
2042,Hervé Palud (earlier screenplay Un indien dans la ville),1
2043,Ed Naha (based on characters created by),1
2044,Charles Brackett (screenplay),1
2045,Walter Reisch (screenplay),1
2046,Douglas Sloan (teleplay),1
2047,Ann Austen (teleplay),1
2048,"Edgar Rice Burroughs (based on the story ""A Princess of Mars"" by)",1
2049,Michael Chabon (screenplay by),1
2050,Jane Goodall (based on the writings of),1
2051,Brett Morgen,1
2052,Steve Bloom (screenplay),1
2053,Jonathan Roberts (screenplay),1
2054,Karey Kirkpatrick (screenplay),1
2055,Bosco Ng (story),1
2056,Josh A. Cagan,1
2057,Mark McCorkle (characters),1
2058,Mark McCorkle (script),1
2059,Robert Schooley (characters),1
2060,Marc Lawrence,1
2061,Eddie Guzelian,1
2062,Eric Daniel (story),1
2063,Don D. Scott (teleplay),1
2064,Eric Daniel (teleplay),1
2065,Mark Peter Hughes (novel),1
2066,April Blair (teleplay),1
2067,John McCormack,1
2068,Josh Rimes,1
2069,Valerie LaPointe,1
2070,Ward Greene (characters),1
2071,Cindy Marcus (additional screenplay material),1
2072,Flip Kobler (additional screenplay material),1
2073,Don DaGradi (story),1
2074,Ward Greene (from the story by),1
2075,Kari Granlund,1
2076,Andrew Bujalski (screenplay by),1
2077,Enrico Casarosa,1
2078,Tom Rogers (screenplay by),1
2079,Tom Rogers (story by),1
2080,Michael LaBash (story by),1
2081,Tony Leondis (story by),1
2082,Rosana Sullivan,1
2083,Sue Houghton,1
2084,Robert Schooley (script),1
2085,Mark Andrews (story),1
2086,Teddy Newton (story),1
2087,Gary Nadeau,1
2088,Meg Cabot (story),1
2089,Xeth Feinberg (additional story),1
2090,Galen T. Chu (additional story),1
2091,Mike Thurmeier (additional story),1
2092,Jeff Siergey (additional story),1
2093,Doug Compton (additional story),1
2094,James Bresnahan (additional story),1
2095,Peter Ackerman (screenplay by),1
2096,Michael J. Wilson (screenplay by),1
2097,Michael Berg (screenplay by),1
2098,Michael J. Wilson (story by),1
2099,Michael Allin (story),1
2100,Harris Goldberg (screenplay),1
2101,Tom Nursall (screenplay),1
2102,Webb Smith,1
2103,Rex Cox (story),1
2104,Jason Mayland,1
2105,Joseph Stanton (developed by),1
2106,Timothy Kuryak (developed by),1
2107,Stan Hsue (developed by),1
2108,Keith Haskel,1
2109,Chris Conroy,1
2110,Don Calame,1
2111,Joel Hodgson,1
2112,Nell Scovell,1
2113,Karey Kirkpatrick,1
2114,Jim Hecht,1
2115,Hadley Davis (story),1
2116,James DeMonaco,1
2117,Hadley Davis (screenplay),1
2118,Jeff Arch,1
2119,Djordje Milicevic,1
2120,John Michael Hayes,1
2121,Alexandre de La Patellière,1
2122,Romain van Liemt,1
2123,Larry Lieber,1
2124,Amy Rardin (television story by),1
2125,Jessica O'Toole (television story by),1
2126,Matt Eddy (television story by),1
2127,Billy Eddy (television story by),1
2128,Brad Gann,1
2129,Brian Newell,1
2130,Alex Zamm,1
2131,William Robertson,1
2132,Ron Anderson,1
2133,Zak Penn (screenplay),1
2134,Kerry Ehrin (screenplay),1
2135,Kerry Ehrin (story),1
2136,Amy Poehler (additional dialogue by),1
2137,Bill Hader (additional dialogue by),1
2138,Simon Rich (additional story material by),1
2139,Michael Arndt (additional story material by),1
2140,Josh Cooley (screenplay by),1
2141,Ronnie Del Carmen (original story by),1
2142,Vanessa Berlowitz,1
2143,Josie Trinidad (story by),1